customer_id,age,monthly_income,credit_score,credit_utilization,debt_to_income_ratio,missed_payments,payment_history_score,risk_score,risk_label
CUST0001,59,26302,722,0.93,0.29,5,10,87.8,High
CUST0002,49,82506,364,0.62,0.67,5,70,90.0,High
CUST0003,35,56157,312,0.49,0.32,1,55,45.7,Medium
CUST0004,63,69917,512,0.11,0.37,6,9,85.4,High
CUST0005,28,111646,541,0.68,0.46,5,33,85.8,High
CUST0006,41,98122,792,0.6,0.83,0,66,38.2,Medium
CUST0007,59,39519,512,0.98,0.25,1,71,56.8,Medium
CUST0008,39,95910,637,0.27,0.1,6,30,76.0,High
CUST0009,43,135430,472,0.55,0.15,0,74,28.2,Low
CUST0010,31,86324,463,0.66,0.82,0,70,51.6,Medium
CUST0011,31,20408,764,0.66,0.62,0,65,32.7,Low
CUST0012,44,74379,796,0.58,0.32,7,69,78.4,High
CUST0013,56,40053,694,0.78,0.24,3,40,61.0,Medium
CUST0014,60,146994,607,0.24,0.34,3,62,54.7,Medium
CUST0015,44,113723,482,0.73,0.19,1,31,48.2,Medium
CUST0016,23,66356,809,0.63,0.85,0,19,47.9,Medium
CUST0017,42,25789,845,0.89,0.73,9,56,100.0,High
CUST0018,22,112720,526,0.85,0.47,8,97,100.0,High
CUST0019,44,81656,735,0.35,0.79,6,49,83.7,High
CUST0020,64,59028,721,0.31,0.3,3,79,46.6,Medium
CUST0021,50,79484,320,0.97,0.67,5,24,100.0,High
CUST0022,58,47154,696,0.55,0.78,1,11,57.8,Medium
CUST0023,22,17336,404,0.9,0.39,6,70,100.0,High
CUST0024,41,118677,491,0.2,0.71,1,38,48.9,Medium
CUST0025,53,82779,316,0.65,0.34,9,16,100.0,High
CUST0026,32,34029,419,0.81,0.34,7,44,100.0,High
CUST0027,42,74201,692,0.94,0.19,7,10,96.7,High
CUST0028,64,47265,724,0.37,0.45,0,69,29.0,Low
CUST0029,45,117916,428,0.73,0.68,7,22,100.0,High
CUST0030,47,61197,429,0.56,0.85,1,90,48.7,Medium
CUST0031,62,140733,328,0.11,0.58,5,69,74.2,High
CUST0032,48,86907,396,0.7,0.79,0,37,53.4,Medium
CUST0033,36,143876,309,0.7,0.76,4,1,96.4,High
CUST0034,35,79435,541,0.92,0.24,6,85,88.8,High
CUST0035,64,55631,531,0.52,0.49,9,83,100.0,High
CUST0036,23,144038,583,0.27,0.19,0,88,20.0,Low
CUST0037,57,35103,499,0.09,0.65,1,78,34.9,Low
CUST0038,27,79772,378,0.44,0.86,6,92,90.3,High
CUST0039,41,141108,472,0.33,0.21,5,71,64.7,Medium
CUST0040,29,29382,766,0.77,0.69,2,36,65.0,High
CUST0041,59,99291,715,0.38,0.61,9,48,100.0,High
CUST0042,38,116195,748,0.94,0.57,1,51,57.1,Medium
CUST0043,24,149828,386,0.95,0.41,9,32,100.0,High
CUST0044,45,35609,400,0.63,0.38,3,21,71.0,High
CUST0045,34,90683,307,0.92,0.14,2,4,74.7,High
CUST0046,29,139714,499,0.77,0.27,6,17,95.7,High
CUST0047,46,145330,804,0.56,0.11,7,37,83.0,High
CUST0048,22,86315,386,0.22,0.57,1,36,44.5,Medium
CUST0049,40,92834,342,0.48,0.18,9,93,100.0,High
CUST0050,48,141205,684,0.58,0.8,6,94,81.8,High
CUST0051,27,29153,734,0.86,0.52,7,63,92.1,High
CUST0052,64,91325,707,0.5,0.66,5,9,82.2,High
CUST0053,28,70318,782,0.89,0.43,5,78,72.1,High
CUST0054,55,146886,316,0.68,0.55,9,41,100.0,High
CUST0055,34,130033,447,0.18,0.85,0,47,37.5,Medium
CUST0056,37,91077,576,0.99,0.17,3,43,64.9,Medium
CUST0057,56,105474,531,0.55,0.3,0,81,29.2,Low
CUST0058,60,148515,665,0.42,0.72,3,86,61.5,Medium
CUST0059,24,88319,527,0.67,0.18,1,96,33.7,Low
CUST0060,22,140885,735,0.15,0.16,4,15,56.5,Medium
CUST0061,26,124777,698,0.65,0.39,9,53,100.0,High
CUST0062,62,32368,510,0.52,0.17,8,34,100.0,High
CUST0063,24,106751,690,0.43,0.57,9,97,95.3,High
CUST0064,49,42306,798,0.95,0.28,2,27,62.4,Medium
CUST0065,38,52219,839,0.54,0.82,7,1,100.0,High
CUST0066,46,75279,790,0.26,0.73,2,93,35.0,Medium
CUST0067,64,68028,741,0.48,0.66,5,12,85.6,High
CUST0068,54,119263,560,0.91,0.59,3,40,76.5,High
CUST0069,30,15126,649,0.22,0.79,7,79,84.1,High
CUST0070,56,67329,651,0.25,0.28,5,58,66.8,High
CUST0071,34,42632,819,0.06,0.8,7,68,83.5,High
CUST0072,51,124945,619,0.06,0.73,0,91,24.2,Low
CUST0073,35,70176,437,0.83,0.7,5,52,92.5,High
CUST0074,28,149869,849,0.74,0.55,0,44,40.8,Medium
CUST0075,34,49560,667,0.38,0.3,0,19,35.0,Medium
CUST0076,43,91589,519,0.71,0.44,7,23,100.0,High
CUST0077,60,37116,636,0.42,0.73,6,60,87.4,High
CUST0078,41,147717,522,0.95,0.13,2,90,51.1,Medium
CUST0079,36,139085,659,0.96,0.73,5,93,89.7,High
CUST0080,38,132718,628,0.42,0.29,8,57,89.5,High
CUST0081,44,34256,762,0.85,0.22,6,26,85.1,High
CUST0082,46,115158,681,0.78,0.19,2,25,55.8,Medium
CUST0083,45,134719,468,0.34,0.12,5,6,77.1,High
CUST0084,61,83244,516,0.27,0.52,3,41,55.2,Medium
CUST0085,49,71264,677,0.48,0.27,2,46,49.5,Medium
CUST0086,35,72545,418,0.78,0.89,8,52,100.0,High
CUST0087,21,54224,489,0.95,0.56,9,58,100.0,High
CUST0088,45,112945,669,0.77,0.21,1,37,49.4,Medium
CUST0089,27,28224,448,0.85,0.65,0,68,49.9,Medium
CUST0090,29,55738,787,0.62,0.82,1,86,39.4,Medium
CUST0091,44,78731,673,0.84,0.7,6,91,86.4,High
CUST0092,21,23070,459,0.79,0.16,9,97,100.0,High
CUST0093,64,141161,650,0.4,0.82,0,52,35.3,Medium
CUST0094,28,23666,587,0.57,0.74,5,14,88.4,High
CUST0095,44,72761,587,0.81,0.23,6,95,81.5,High
CUST0096,31,51368,525,0.09,0.14,8,25,90.0,High
CUST0097,37,56914,822,0.81,0.55,7,47,91.1,High
CUST0098,28,142738,821,0.22,0.22,5,94,51.7,Medium
CUST0099,55,82526,572,0.53,0.77,2,18,64.1,Medium
CUST0100,55,34956,701,0.81,0.39,7,8,100.0,High
CUST0101,53,61240,482,0.29,0.83,6,63,85.0,High
CUST0102,25,136008,787,0.28,0.55,2,92,35.6,Medium
CUST0103,62,109270,423,0.43,0.25,8,53,98.8,High
CUST0104,59,19757,713,0.89,0.21,1,50,45.0,Medium
CUST0105,61,34097,471,0.05,0.56,2,38,50.8,Medium
CUST0106,48,118892,587,0.9,0.71,1,3,64.3,Medium
CUST0107,27,85480,734,0.19,0.73,0,2,34.7,Low
CUST0108,29,61163,412,0.98,0.32,3,63,75.9,High
CUST0109,28,34816,421,0.95,0.26,4,28,84.6,High
CUST0110,32,67853,843,0.51,0.11,5,10,67.8,High
CUST0111,54,111731,521,0.53,0.64,4,96,65.2,High
CUST0112,53,77823,338,0.5,0.16,0,57,34.4,Low
CUST0113,43,16759,796,0.65,0.44,2,74,41.7,Medium
CUST0114,44,107374,532,0.14,0.58,0,26,31.7,Low
CUST0115,57,148554,829,0.08,0.85,4,96,52.8,Medium
CUST0116,55,39442,448,0.1,0.35,4,20,69.5,High
CUST0117,64,108501,696,0.47,0.3,5,38,69.5,High
CUST0118,60,17079,601,0.31,0.62,7,94,82.8,High
CUST0119,42,148789,659,0.63,0.6,9,45,100.0,High
CUST0120,47,74676,537,0.98,0.37,0,65,45.4,Medium
CUST0121,55,105397,535,0.41,0.84,3,90,57.4,Medium
CUST0122,21,87847,502,0.59,0.78,9,35,100.0,High
CUST0123,55,108607,555,0.44,0.28,0,74,31.1,Low
CUST0124,57,79077,534,0.85,0.29,8,81,100.0,High
CUST0125,34,53258,644,0.9,0.51,6,64,96.1,High
CUST0126,23,134771,833,0.87,0.72,6,62,90.1,High
CUST0127,21,53000,765,0.97,0.14,4,98,62.1,Medium
CUST0128,25,41737,840,0.08,0.65,6,34,70.1,High
CUST0129,46,26485,512,0.84,0.62,1,30,61.7,Medium
CUST0130,34,53565,762,0.76,0.29,3,27,66.4,High
CUST0131,59,134614,735,0.26,0.65,6,0,81.5,High
CUST0132,47,80155,582,0.95,0.85,2,24,79.8,High
CUST0133,29,67487,762,0.19,0.14,1,42,25.3,Low
CUST0134,35,144948,706,0.69,0.36,9,83,100.0,High
CUST0135,35,27342,387,0.26,0.45,1,66,46.9,Medium
CUST0136,46,55806,343,0.46,0.82,0,62,50.5,Medium
CUST0137,62,63770,760,0.73,0.87,4,50,79.5,High
CUST0138,33,93623,577,0.58,0.46,5,1,86.3,High
CUST0139,52,118177,720,0.45,0.7,5,81,75.4,High
CUST0140,59,146026,652,0.36,0.53,8,63,99.7,High
CUST0141,52,90629,814,0.84,0.53,3,73,63.5,Medium
CUST0142,24,135993,318,0.19,0.32,0,68,33.1,Low
CUST0143,50,141944,322,0.45,0.27,5,8,87.4,High
CUST0144,57,120947,712,0.9,0.33,4,1,83.6,High
CUST0145,43,41399,329,0.85,0.55,9,33,100.0,High
CUST0146,59,143177,407,0.43,0.12,5,59,75.6,High
CUST0147,35,124575,666,0.77,0.83,2,60,63.5,Medium
CUST0148,63,125904,580,0.82,0.23,1,30,47.3,Medium
CUST0149,49,45678,427,0.89,0.28,5,9,93.0,High
CUST0150,56,91218,528,0.56,0.51,0,75,37.1,Medium
CUST0151,33,78230,410,0.24,0.67,6,35,86.8,High
CUST0152,52,89055,435,0.29,0.18,6,84,69.7,High
CUST0153,27,87258,661,0.33,0.35,9,48,100.0,High
CUST0154,42,54986,485,0.61,0.87,6,69,92.1,High
CUST0155,48,100595,428,0.08,0.31,9,48,98.7,High
CUST0156,22,116358,560,0.65,0.35,0,2,49.1,Medium
CUST0157,62,79929,814,0.39,0.77,3,73,58.9,Medium
CUST0158,26,88506,748,0.33,0.14,6,4,78.7,High
CUST0159,48,49911,403,0.88,0.47,8,89,100.0,High
CUST0160,48,102127,782,0.48,0.4,4,60,62.0,Medium
CUST0161,64,128453,523,0.14,0.35,1,84,28.6,Low
CUST0162,64,99458,790,0.83,0.33,6,89,80.5,High
CUST0163,40,27175,772,0.09,0.17,9,25,93.3,High
CUST0164,50,134235,309,0.73,0.35,0,71,44.5,Medium
CUST0165,31,69771,704,0.78,0.13,6,4,84.1,High
CUST0166,48,142157,601,0.38,0.72,5,14,86.3,High
CUST0167,45,136300,530,0.83,0.42,6,15,94.7,High
CUST0168,59,101925,365,0.53,0.46,9,0,100.0,High
CUST0169,53,81358,411,0.49,0.81,2,15,67.0,High
CUST0170,21,62057,312,0.09,0.63,2,36,57.2,Medium
CUST0171,47,21150,692,0.32,0.11,6,2,77.7,High
CUST0172,33,19425,799,0.93,0.85,1,51,52.3,Medium
CUST0173,61,31032,533,0.42,0.29,0,46,32.5,Low
CUST0174,23,17198,613,0.56,0.19,8,94,90.8,High
CUST0175,59,133865,311,0.55,0.71,8,12,100.0,High
CUST0176,26,38236,508,0.61,0.5,6,79,90.5,High
CUST0177,28,102955,313,0.11,0.45,6,54,82.6,High
CUST0178,47,118145,717,0.39,0.3,2,20,50.0,Medium
CUST0179,29,109914,736,0.73,0.54,9,65,100.0,High
CUST0180,57,117870,676,0.24,0.32,1,53,31.1,Low
CUST0181,53,131243,319,0.24,0.82,6,26,94.4,High
CUST0182,62,29596,369,0.06,0.27,8,37,95.4,High
CUST0183,64,147351,510,0.46,0.81,0,89,37.7,Medium
CUST0184,44,126496,400,0.88,0.55,3,57,72.8,High
CUST0185,35,145273,431,0.1,0.76,5,61,78.0,High
CUST0186,52,135674,680,0.23,0.67,6,45,82.6,High
CUST0187,52,135307,431,0.34,0.66,9,88,100.0,High
CUST0188,44,34063,319,0.74,0.36,6,10,98.9,High
CUST0189,61,82642,835,0.65,0.29,9,71,98.1,High
CUST0190,32,105093,526,0.44,0.27,1,7,47.5,Medium
CUST0191,59,50954,453,0.76,0.79,3,96,73.0,High
CUST0192,22,42856,768,0.62,0.76,4,70,67.8,High
CUST0193,23,17573,704,0.89,0.45,0,63,43.0,Medium
CUST0194,57,50367,501,0.82,0.21,0,20,50.9,Medium
CUST0195,37,114608,337,0.29,0.41,9,71,100.0,High
CUST0196,22,75774,487,0.31,0.6,2,62,57.1,Medium
CUST0197,22,38752,356,0.17,0.46,9,84,100.0,High
CUST0198,48,70029,319,0.37,0.72,2,63,58.8,Medium
CUST0199,43,145282,572,0.99,0.9,7,19,100.0,High
CUST0200,57,66693,418,0.43,0.25,8,7,100.0,High
CUST0201,52,131739,815,0.26,0.47,0,57,19.7,Low
CUST0202,53,70961,520,0.77,0.44,1,45,53.3,Medium
CUST0203,21,141678,825,0.56,0.34,9,30,100.0,High
CUST0204,39,89532,814,0.19,0.26,1,92,24.2,Low
CUST0205,22,96994,635,0.41,0.15,3,8,59.1,Medium
CUST0206,64,71133,354,0.44,0.81,1,14,59.0,Medium
CUST0207,46,76268,799,0.76,0.44,6,93,80.1,High
CUST0208,52,46653,835,0.07,0.5,8,25,88.8,High
CUST0209,26,136829,461,0.3,0.83,6,9,100.0,High
CUST0210,52,143377,458,0.54,0.72,5,28,93.7,High
CUST0211,24,16622,487,0.3,0.2,9,79,100.0,High
CUST0212,31,63756,359,0.64,0.55,0,35,50.6,Medium
CUST0213,37,55809,618,0.5,0.45,9,83,100.0,High
CUST0214,58,31725,510,0.39,0.74,8,36,100.0,High
CUST0215,44,66226,705,0.94,0.68,4,85,80.7,High
CUST0216,25,96182,408,0.64,0.65,4,70,75.5,High
CUST0217,54,44402,375,0.17,0.37,5,22,72.7,High
CUST0218,26,19263,841,0.58,0.74,8,40,99.1,High
CUST0219,42,62924,613,0.78,0.14,7,92,89.4,High
CUST0220,31,89182,416,0.72,0.23,7,79,94.2,High
CUST0221,36,50737,318,0.21,0.37,7,27,95.0,High
CUST0222,53,116332,731,0.96,0.16,0,47,43.3,Medium
CUST0223,29,104563,649,0.47,0.29,0,37,37.2,Medium
CUST0224,26,143575,482,0.2,0.76,7,30,95.9,High
CUST0225,36,116371,412,0.22,0.86,4,13,78.0,High
CUST0226,49,53709,482,0.14,0.34,8,96,89.4,High
CUST0227,23,36172,780,0.81,0.31,1,72,44.8,Medium
CUST0228,40,26555,445,0.16,0.32,8,90,88.5,High
CUST0229,56,68276,412,0.17,0.32,7,87,83.0,High
CUST0230,39,72492,775,0.85,0.13,8,76,91.3,High
CUST0231,46,104599,602,0.37,0.84,3,89,62.1,Medium
CUST0232,23,26046,417,0.08,0.27,0,28,32.5,Low
CUST0233,39,131021,460,0.1,0.44,0,50,30.5,Low
CUST0234,40,19853,700,0.18,0.11,4,48,46.6,Medium
CUST0235,52,135900,497,0.25,0.79,1,42,53.5,Medium
CUST0236,27,74129,559,0.68,0.68,7,91,97.8,High
CUST0237,61,129130,346,0.2,0.86,9,91,100.0,High
CUST0238,53,136789,698,0.16,0.73,4,71,60.6,Medium
CUST0239,60,53890,377,0.77,0.35,4,86,76.3,High
CUST0240,59,81017,423,0.68,0.3,1,92,45.3,Medium
CUST0241,38,147596,374,0.46,0.66,6,4,100.0,High
CUST0242,60,115424,436,0.57,0.39,7,41,100.0,High
CUST0243,21,30048,699,0.34,0.55,9,6,100.0,High
CUST0244,31,69912,804,0.5,0.11,0,41,20.5,Low
CUST0245,48,49008,799,0.53,0.15,1,35,31.6,Low
CUST0246,45,146132,437,0.41,0.53,9,26,100.0,High
CUST0247,43,98559,349,0.9,0.55,3,57,80.9,High
CUST0248,51,70337,553,0.07,0.7,4,45,66.4,High
CUST0249,50,125616,725,0.79,0.21,1,65,44.9,Medium
CUST0250,62,28350,846,0.17,0.51,0,24,28.3,Low
CUST0251,55,39354,601,0.8,0.26,8,72,100.0,High
CUST0252,27,60186,648,0.63,0.17,0,26,41.2,Medium
CUST0253,36,43145,348,0.84,0.43,3,0,81.3,High
CUST0254,46,101123,373,0.14,0.23,1,86,35.8,Medium
CUST0255,22,35581,560,0.58,0.28,3,73,56.1,Medium
CUST0256,21,103929,655,0.52,0.35,7,41,92.2,High
CUST0257,32,38051,559,0.71,0.31,7,51,98.3,High
CUST0258,25,66474,594,0.55,0.17,8,24,100.0,High
CUST0259,57,106748,612,0.56,0.17,4,53,60.0,Medium
CUST0260,52,140995,481,0.45,0.25,6,66,79.8,High
CUST0261,29,84626,663,0.34,0.14,2,5,47.8,Medium
CUST0262,61,21960,487,0.5,0.6,9,57,100.0,High
CUST0263,55,51408,842,0.16,0.33,3,69,38.9,Medium
CUST0264,39,109006,847,0.95,0.32,9,52,100.0,High
CUST0265,36,72134,707,0.72,0.37,8,65,98.3,High
CUST0266,23,147413,713,0.95,0.63,9,57,100.0,High
CUST0267,40,105327,641,0.26,0.8,9,81,100.0,High
CUST0268,44,146410,519,0.88,0.71,0,86,49.1,Medium
CUST0269,53,26344,462,0.81,0.68,1,1,72.9,High
CUST0270,44,147822,519,0.69,0.49,4,75,74.3,High
CUST0271,31,82957,569,0.64,0.66,2,21,65.7,High
CUST0272,28,120423,699,0.35,0.54,1,36,36.9,Medium
CUST0273,56,73053,481,0.82,0.27,0,19,48.3,Medium
CUST0274,58,92454,504,0.52,0.27,9,23,100.0,High
CUST0275,60,105600,527,0.12,0.34,2,83,40.5,Medium
CUST0276,40,137732,549,0.34,0.83,0,64,36.6,Medium
CUST0277,55,52641,740,0.93,0.54,0,64,39.8,Medium
CUST0278,45,44711,832,0.85,0.69,0,80,35.5,Medium
CUST0279,55,85342,495,0.97,0.38,7,0,100.0,High
CUST0280,45,121896,818,0.64,0.43,2,93,40.7,Medium
CUST0281,49,102833,369,0.28,0.2,0,2,44.0,Medium
CUST0282,38,71276,698,0.2,0.24,6,45,73.4,High
CUST0283,38,34541,502,0.23,0.76,9,54,100.0,High
CUST0284,22,109457,447,0.07,0.57,2,74,48.1,Medium
CUST0285,55,59813,771,0.42,0.37,7,87,75.9,High
CUST0286,36,39070,498,0.23,0.74,3,85,61.2,Medium
CUST0287,61,95559,725,0.44,0.3,3,63,46.7,Medium
CUST0288,56,56786,791,0.93,0.88,4,44,81.4,High
CUST0289,53,51062,441,0.45,0.38,5,25,83.2,High
CUST0290,24,66571,612,0.88,0.37,6,76,84.2,High
CUST0291,53,40510,464,0.62,0.35,3,64,65.8,High
CUST0292,34,34426,613,0.28,0.2,7,23,84.5,High
CUST0293,41,52265,320,0.38,0.19,5,73,76.1,High
CUST0294,40,81150,381,0.13,0.62,0,34,39.5,Medium
CUST0295,28,102312,430,0.36,0.8,0,23,46.0,Medium
CUST0296,27,104613,604,0.69,0.73,8,27,100.0,High
CUST0297,23,89910,670,0.12,0.21,9,99,82.3,High
CUST0298,37,67375,683,0.24,0.54,5,79,64.9,Medium
CUST0299,53,136826,744,0.41,0.18,9,15,97.5,High
CUST0300,32,50435,724,0.97,0.14,7,58,94.3,High
CUST0301,42,111443,460,0.79,0.63,6,80,96.7,High
CUST0302,42,149055,477,0.74,0.53,5,53,86.1,High
CUST0303,50,38510,789,0.16,0.17,3,78,41.1,Medium
CUST0304,58,109071,626,0.78,0.13,6,15,93.3,High
CUST0305,58,21640,588,0.79,0.89,8,14,100.0,High
CUST0306,28,59547,653,0.62,0.12,9,97,98.4,High
CUST0307,47,69620,327,0.98,0.46,9,10,100.0,High
CUST0308,47,130608,342,0.36,0.5,6,64,89.2,High
CUST0309,54,22564,722,0.93,0.19,0,78,31.2,Low
CUST0310,41,128824,476,0.91,0.24,9,89,100.0,High
CUST0311,50,94273,828,0.06,0.38,8,67,83.7,High
CUST0312,53,89859,793,0.47,0.71,3,42,61.6,Medium
CUST0313,48,125017,497,0.97,0.51,2,68,65.1,High
CUST0314,53,138618,816,0.15,0.61,3,98,39.2,Medium
CUST0315,25,140341,813,0.56,0.89,3,12,71.1,High
CUST0316,39,44430,321,0.97,0.71,9,9,100.0,High
CUST0317,24,42788,411,0.57,0.45,1,74,44.3,Medium
CUST0318,55,84346,356,0.23,0.46,0,81,27.9,Low
CUST0319,37,111122,365,0.6,0.6,9,97,100.0,High
CUST0320,64,54974,397,0.24,0.63,0,40,42.2,Medium
CUST0321,48,122309,443,0.54,0.5,7,49,95.0,High
CUST0322,50,31371,734,0.12,0.62,1,86,31.2,Low
CUST0323,49,60084,385,0.62,0.12,9,70,100.0,High
CUST0324,26,76916,643,0.54,0.44,4,58,68.7,High
CUST0325,55,88972,593,0.75,0.32,3,38,71.0,High
CUST0326,61,27984,542,0.64,0.2,7,2,100.0,High
CUST0327,57,48039,331,0.57,0.18,1,75,49.0,Medium
CUST0328,44,100431,690,0.7,0.58,9,6,100.0,High
CUST0329,49,98691,576,0.19,0.52,8,48,95.0,High
CUST0330,51,73606,831,0.61,0.3,6,25,83.1,High
CUST0331,55,117665,453,0.21,0.48,6,32,88.5,High
CUST0332,53,120373,682,0.92,0.49,0,47,44.4,Medium
CUST0333,41,39574,367,0.11,0.26,1,78,31.4,Low
CUST0334,52,149502,513,0.45,0.62,3,1,77.1,High
CUST0335,43,47733,675,0.7,0.72,3,70,67.9,High
CUST0336,53,17050,512,0.48,0.73,2,31,60.3,Medium
CUST0337,23,124996,378,0.14,0.58,6,3,91.3,High
CUST0338,38,48933,680,0.57,0.51,7,19,100.0,High
CUST0339,45,39951,357,0.65,0.15,1,35,52.3,Medium
CUST0340,62,47413,325,0.71,0.33,3,31,75.9,High
CUST0341,51,127573,746,0.4,0.17,2,27,46.0,Medium
CUST0342,23,137744,365,0.58,0.87,1,76,59.3,Medium
CUST0343,60,104431,553,0.47,0.21,5,0,80.3,High
CUST0344,44,58001,343,0.68,0.22,3,59,69.3,High
CUST0345,52,82364,396,0.6,0.81,5,55,93.8,High
CUST0346,42,139988,526,0.54,0.86,1,34,59.6,Medium
CUST0347,43,60028,735,0.28,0.71,3,29,57.9,Medium
CUST0348,22,146878,678,0.05,0.1,5,53,54.5,Medium
CUST0349,47,139343,477,0.21,0.1,4,35,64.9,Medium
CUST0350,62,143301,726,0.16,0.4,2,54,34.7,Low
CUST0351,22,141295,606,0.47,0.21,7,88,78.8,High
CUST0352,46,49636,803,0.63,0.11,6,79,70.4,High
CUST0353,37,39262,567,0.25,0.47,2,57,50.0,Medium
CUST0354,60,95435,307,0.93,0.85,5,82,95.9,High
CUST0355,53,143583,807,0.06,0.36,3,64,37.2,Medium
CUST0356,29,56844,775,0.78,0.63,4,68,66.8,High
CUST0357,63,79754,596,0.64,0.62,4,50,77.6,High
CUST0358,59,92129,463,0.4,0.3,6,21,84.8,High
CUST0359,49,55042,784,0.1,0.62,4,87,49.7,Medium
CUST0360,62,76665,371,0.64,0.27,2,52,58.4,Medium
CUST0361,46,131953,537,0.41,0.2,9,99,99.7,High
CUST0362,55,133533,403,0.93,0.66,4,35,90.7,High
CUST0363,45,88781,509,0.56,0.19,6,67,77.4,High
CUST0364,44,81262,767,0.93,0.9,4,35,85.7,High
CUST0365,33,61600,753,0.26,0.25,4,51,58.4,Medium
CUST0366,27,91898,567,0.73,0.58,8,52,100.0,High
CUST0367,56,45448,685,0.63,0.43,2,81,53.0,Medium
CUST0368,40,41172,686,0.75,0.2,5,49,78.7,High
CUST0369,21,22657,558,0.25,0.12,0,79,15.9,Low
CUST0370,28,127855,582,0.68,0.6,9,40,100.0,High
CUST0371,36,22906,339,0.52,0.75,4,17,85.6,High
CUST0372,34,76413,785,0.75,0.77,7,21,100.0,High
CUST0373,32,69028,519,0.36,0.49,4,65,63.8,Medium
CUST0374,43,22287,428,0.89,0.72,8,20,100.0,High
CUST0375,35,48660,819,0.13,0.64,5,99,61.4,Medium
CUST0376,48,75504,559,0.81,0.68,7,43,100.0,High
CUST0377,54,117979,665,0.86,0.49,9,46,100.0,High
CUST0378,22,49701,843,0.82,0.61,7,38,93.5,High
CUST0379,52,98300,823,0.53,0.74,2,28,51.6,Medium
CUST0380,43,98560,315,0.46,0.42,6,53,94.5,High
CUST0381,42,58642,428,0.99,0.74,6,89,100.0,High
CUST0382,45,80160,408,0.27,0.57,9,84,100.0,High
CUST0383,42,32602,832,0.56,0.23,5,16,68.8,High
CUST0384,42,118320,568,0.68,0.12,6,79,79.4,High
CUST0385,62,103801,461,0.71,0.39,1,59,53.7,Medium
CUST0386,26,40931,559,0.24,0.54,8,30,100.0,High
CUST0387,35,109377,401,0.66,0.77,9,72,100.0,High
CUST0388,63,44192,805,0.82,0.2,9,94,100.0,High
CUST0389,57,61542,546,0.1,0.74,0,77,31.6,Low
CUST0390,53,142015,836,0.91,0.79,0,48,50.8,Medium
CUST0391,28,57520,430,0.08,0.22,2,1,52.1,Medium
CUST0392,64,79772,652,0.38,0.78,2,47,57.3,Medium
CUST0393,64,65106,495,0.06,0.89,0,13,38.8,Medium
CUST0394,25,96121,681,0.12,0.68,6,58,74.6,High
CUST0395,59,40559,526,0.91,0.73,3,96,75.3,High
CUST0396,24,120595,775,0.38,0.9,9,98,99.4,High
CUST0397,26,48742,776,0.45,0.58,1,57,35.7,Medium
CUST0398,52,84669,564,0.25,0.35,9,57,98.5,High
CUST0399,50,85831,671,0.61,0.77,4,50,72.7,High
CUST0400,55,127217,785,0.61,0.59,5,83,75.8,High
CUST0401,60,56873,733,0.4,0.56,8,1,100.0,High
CUST0402,36,121532,510,0.36,0.3,3,40,58.2,Medium
CUST0403,33,141267,676,0.88,0.71,1,82,47.7,Medium
CUST0404,62,149092,694,0.41,0.17,4,81,55.3,Medium
CUST0405,50,56755,749,0.51,0.84,2,15,62.6,Medium
CUST0406,39,100956,663,0.32,0.36,1,3,48.1,Medium
CUST0407,37,101988,756,0.79,0.2,0,11,40.5,Medium
CUST0408,39,60648,525,0.42,0.45,9,28,100.0,High
CUST0409,48,140991,430,0.53,0.13,1,6,50.7,Medium
CUST0410,46,130005,775,0.29,0.65,5,13,80.3,High
CUST0411,57,17396,576,0.98,0.82,7,11,100.0,High
CUST0412,46,99082,455,0.32,0.77,2,98,53.3,Medium
CUST0413,43,143322,517,0.77,0.2,8,4,100.0,High
CUST0414,29,147663,489,0.45,0.2,8,80,95.5,High
CUST0415,32,26303,716,0.24,0.75,1,31,45.9,Medium
CUST0416,21,86719,845,0.8,0.84,7,73,95.2,High
CUST0417,21,114616,340,0.36,0.47,9,42,100.0,High
CUST0418,54,139165,606,0.86,0.5,4,80,71.8,High
CUST0419,52,101231,637,0.91,0.35,3,68,62.5,Medium
CUST0420,45,22314,613,0.86,0.82,9,44,100.0,High
CUST0421,60,34623,374,0.08,0.62,4,8,72.3,High
CUST0422,21,120228,578,0.79,0.33,3,48,66.8,High
CUST0423,36,112624,475,0.44,0.34,7,32,90.3,High
CUST0424,59,126785,572,0.87,0.81,3,99,68.3,High
CUST0425,25,101206,588,0.65,0.11,9,99,100.0,High
CUST0426,42,84274,571,0.83,0.36,5,17,89.7,High
CUST0427,49,148541,365,0.52,0.54,1,8,61.2,Medium
CUST0428,23,68947,782,0.55,0.22,4,61,57.1,Medium
CUST0429,32,63874,547,0.19,0.17,5,56,65.6,High
CUST0430,46,64708,455,0.79,0.75,4,28,86.3,High
CUST0431,36,89553,346,0.44,0.82,1,77,57.2,Medium
CUST0432,57,83344,753,0.52,0.76,6,24,86.7,High
CUST0433,42,64138,500,0.79,0.82,3,14,85.1,High
CUST0434,49,62638,423,0.61,0.54,7,5,100.0,High
CUST0435,34,93249,300,0.24,0.75,6,41,96.8,High
CUST0436,48,120865,490,0.6,0.41,6,28,93.3,High
CUST0437,25,17719,815,0.43,0.63,8,78,91.2,High
CUST0438,50,57534,741,0.49,0.89,0,92,31.2,Low
CUST0439,25,107241,442,0.08,0.28,9,3,100.0,High
CUST0440,32,141209,490,0.25,0.41,5,81,72.8,High
CUST0441,36,107124,832,0.31,0.48,5,56,67.7,High
CUST0442,46,106659,526,0.72,0.21,5,48,75.3,High
CUST0443,46,90713,612,0.06,0.16,5,43,59.2,Medium
CUST0444,41,90418,601,0.43,0.76,9,79,100.0,High
CUST0445,59,143232,759,0.92,0.88,6,74,95.3,High
CUST0446,56,46575,700,0.16,0.42,9,13,100.0,High
CUST0447,53,78852,692,0.54,0.17,5,2,80.5,High
CUST0448,50,147079,506,0.79,0.15,0,61,42.7,Medium
CUST0449,57,91242,509,0.94,0.81,2,63,71.5,High
CUST0450,43,44257,414,0.75,0.47,1,44,57.0,Medium
CUST0451,30,76246,550,0.73,0.36,5,81,75.7,High
CUST0452,25,16435,518,0.83,0.48,7,57,100.0,High
CUST0453,56,106357,706,0.47,0.35,2,19,49.1,Medium
CUST0454,54,98807,742,0.81,0.49,9,57,100.0,High
CUST0455,51,130953,653,0.06,0.79,7,88,79.6,High
CUST0456,30,138797,849,0.92,0.57,7,56,93.8,High
CUST0457,39,78888,441,0.47,0.66,4,76,74.8,High
CUST0458,52,88609,800,0.57,0.39,7,67,85.7,High
CUST0459,21,24077,846,0.29,0.69,5,77,64.4,Medium
CUST0460,25,35953,841,0.75,0.63,4,96,63.1,Medium
CUST0461,24,129682,806,0.12,0.2,8,91,77.8,High
CUST0462,36,82889,580,0.87,0.56,6,51,91.7,High
CUST0463,44,130374,723,0.83,0.31,7,36,99.1,High
CUST0464,36,39860,569,0.25,0.74,0,7,47.4,Medium
CUST0465,22,92475,453,0.81,0.44,1,43,57.0,Medium
CUST0466,48,102266,382,0.79,0.9,7,97,100.0,High
CUST0467,52,115732,725,0.64,0.17,8,4,100.0,High
CUST0468,47,42083,574,0.4,0.72,3,68,58.6,Medium
CUST0469,40,72372,583,0.31,0.64,9,30,100.0,High
CUST0470,44,138786,472,0.27,0.71,9,44,100.0,High
CUST0471,32,22813,626,0.35,0.35,8,8,97.9,High
CUST0472,55,46598,362,0.9,0.49,3,31,84.5,High
CUST0473,53,108106,372,0.12,0.74,9,32,100.0,High
CUST0474,53,42082,674,0.83,0.29,9,66,100.0,High
CUST0475,63,44241,807,0.38,0.28,9,29,96.0,High
CUST0476,57,26745,697,0.54,0.54,8,75,92.5,High
CUST0477,32,41029,419,0.8,0.52,6,28,100.0,High
CUST0478,23,138395,736,0.88,0.33,1,2,50.3,Medium
CUST0479,21,104186,764,0.37,0.34,8,89,86.0,High
CUST0480,53,112768,585,0.48,0.32,3,56,57.3,Medium
CUST0481,60,56846,564,0.44,0.72,7,29,100.0,High
CUST0482,30,90932,619,0.06,0.62,6,8,83.5,High
CUST0483,63,38411,675,0.33,0.77,6,25,87.4,High
CUST0484,64,93797,388,0.48,0.88,7,1,100.0,High
CUST0485,49,67307,502,0.44,0.48,0,61,34.9,Low
CUST0486,33,149165,633,0.73,0.15,4,2,74.7,High
CUST0487,32,37042,521,0.41,0.14,1,45,40.7,Medium
CUST0488,51,67930,340,0.51,0.34,1,67,50.6,Medium
CUST0489,22,112883,367,0.45,0.85,0,24,56.8,Medium
CUST0490,55,48756,813,0.75,0.52,4,50,74.5,High
CUST0491,43,68268,426,0.86,0.32,1,12,59.7,Medium
CUST0492,37,63901,554,0.55,0.42,3,43,59.3,Medium
CUST0493,46,114986,315,0.79,0.58,2,34,71.8,High
CUST0494,28,143386,776,0.33,0.62,2,54,48.2,Medium
CUST0495,49,20626,361,0.56,0.22,1,86,42.6,Medium
CUST0496,46,27857,731,0.37,0.88,5,8,87.4,High
CUST0497,30,148052,567,0.44,0.54,1,1,53.6,Medium
CUST0498,46,41431,334,0.74,0.21,7,60,100.0,High
CUST0499,54,99976,793,0.88,0.81,7,40,100.0,High
CUST0500,61,97711,768,0.16,0.16,4,43,45.9,Medium
CUST0501,27,41385,624,0.65,0.83,9,63,100.0,High
CUST0502,24,33639,603,0.6,0.9,6,30,100.0,High
CUST0503,31,100530,575,0.16,0.66,3,46,55.1,Medium
CUST0504,49,36563,500,0.25,0.72,0,1,45.1,Medium
CUST0505,56,130672,744,0.34,0.37,1,95,29.6,Low
CUST0506,45,97970,623,0.21,0.85,9,81,100.0,High
CUST0507,41,100553,334,0.28,0.52,9,76,100.0,High
CUST0508,56,97879,781,0.3,0.69,3,68,54.1,Medium
CUST0509,30,59859,779,0.37,0.84,0,57,30.5,Low
CUST0510,57,67098,364,0.75,0.88,7,43,100.0,High
CUST0511,29,137413,307,0.59,0.77,8,73,100.0,High
CUST0512,44,15526,600,0.98,0.34,3,55,71.8,High
CUST0513,55,83760,642,0.44,0.87,9,42,100.0,High
CUST0514,55,62837,730,0.76,0.6,2,88,56.3,Medium
CUST0515,56,26536,723,0.87,0.84,1,33,59.7,Medium
CUST0516,38,43541,631,0.69,0.64,4,29,76.3,High
CUST0517,59,94083,737,0.44,0.35,2,70,41.3,Medium
CUST0518,52,49531,473,0.76,0.4,9,69,100.0,High
CUST0519,44,23712,826,0.24,0.54,6,54,71.7,High
CUST0520,43,119101,325,0.36,0.73,5,66,85.3,High
CUST0521,52,80455,705,0.56,0.35,0,12,38.8,Medium
CUST0522,57,89744,531,0.59,0.56,7,2,100.0,High
CUST0523,32,144749,832,0.07,0.38,1,25,24.8,Low
CUST0524,33,20109,849,0.94,0.75,4,56,79.4,High
CUST0525,43,64268,804,0.7,0.47,8,23,100.0,High
CUST0526,45,69615,478,0.52,0.16,7,52,89.2,High
CUST0527,55,97503,431,0.93,0.23,1,69,56.2,Medium
CUST0528,61,100708,754,0.46,0.15,8,42,89.0,High
CUST0529,50,117471,647,0.97,0.5,4,59,81.4,High
CUST0530,37,98309,839,0.53,0.19,9,57,93.9,High
CUST0531,40,141446,705,0.16,0.19,5,48,55.7,Medium
CUST0532,45,121661,375,0.77,0.85,2,41,79.7,High
CUST0533,42,21154,791,0.69,0.8,2,75,53.7,Medium
CUST0534,33,79288,493,0.78,0.46,9,99,100.0,High
CUST0535,39,66195,461,0.94,0.89,7,65,100.0,High
CUST0536,56,35581,646,0.78,0.1,9,10,100.0,High
CUST0537,32,45087,660,0.62,0.59,9,97,100.0,High
CUST0538,61,84298,386,0.86,0.59,1,89,52.3,Medium
CUST0539,39,61167,561,0.68,0.47,1,17,58.8,Medium
CUST0540,32,54499,513,0.43,0.42,4,84,64.4,Medium
CUST0541,29,140816,561,0.88,0.46,5,99,81.1,High
CUST0542,27,111347,582,0.26,0.43,1,51,38.7,Medium
CUST0543,48,63787,766,0.72,0.68,4,45,78.1,High
CUST0544,34,50488,679,0.88,0.21,6,43,83.3,High
CUST0545,51,89441,661,0.74,0.26,9,21,100.0,High
CUST0546,39,37431,748,0.71,0.24,9,52,100.0,High
CUST0547,36,76681,740,0.76,0.31,7,58,93.3,High
CUST0548,25,137720,392,0.49,0.52,6,93,80.6,High
CUST0549,55,64153,723,0.87,0.19,7,29,96.2,High
CUST0550,32,21368,441,0.24,0.79,8,7,100.0,High
CUST0551,45,127360,590,0.17,0.34,4,97,50.3,Medium
CUST0552,41,127755,731,0.32,0.23,4,56,52.7,Medium
CUST0553,56,71985,348,0.55,0.64,9,72,100.0,High
CUST0554,43,65069,601,0.53,0.13,3,19,56.5,Medium
CUST0555,36,67326,489,0.82,0.6,8,24,100.0,High
CUST0556,59,123737,435,0.43,0.66,4,18,83.7,High
CUST0557,62,65861,703,0.51,0.27,1,4,44.1,Medium
CUST0558,59,90897,640,0.06,0.13,9,74,84.1,High
CUST0559,34,142118,617,0.44,0.39,7,78,82.9,High
CUST0560,51,83577,662,0.66,0.18,6,71,77.9,High
CUST0561,25,24078,681,0.06,0.19,7,82,71.3,High
CUST0562,55,77768,532,0.31,0.3,2,86,40.0,Medium
CUST0563,43,66047,643,0.25,0.34,3,26,55.5,Medium
CUST0564,49,86626,848,0.09,0.52,4,39,52.7,Medium
CUST0565,63,72660,828,0.5,0.64,5,95,64.8,Medium
CUST0566,31,147997,482,0.22,0.57,0,25,34.4,Low
CUST0567,38,132832,340,0.75,0.22,3,26,68.6,High
CUST0568,32,145406,696,0.85,0.24,9,61,100.0,High
CUST0569,29,140150,793,0.56,0.8,4,82,65.5,High
CUST0570,30,48320,632,0.97,0.55,6,49,100.0,High
CUST0571,64,79881,426,0.47,0.8,4,41,84.3,High
CUST0572,37,105827,300,0.53,0.4,0,28,46.2,Medium
CUST0573,58,117215,467,0.98,0.59,6,38,100.0,High
CUST0574,27,149461,318,0.27,0.52,7,59,92.5,High
CUST0575,33,76550,631,0.94,0.36,6,40,92.7,High
CUST0576,60,39826,755,0.09,0.48,3,32,48.9,Medium
CUST0577,62,115734,408,0.47,0.5,7,82,93.1,High
CUST0578,29,113511,567,0.12,0.26,4,82,48.6,Medium
CUST0579,47,26653,744,0.74,0.35,9,96,97.6,High
CUST0580,22,96941,539,0.62,0.73,8,15,100.0,High
CUST0581,25,48662,600,0.71,0.83,9,22,100.0,High
CUST0582,49,113818,402,0.4,0.39,4,6,79.4,High
CUST0583,57,110081,549,0.4,0.35,0,25,34.7,Low
CUST0584,58,51877,752,0.09,0.26,8,95,74.8,High
CUST0585,39,126562,819,0.38,0.64,4,11,69.5,High
CUST0586,28,87715,452,0.92,0.36,5,71,90.4,High
CUST0587,21,125091,473,0.41,0.89,3,4,81.6,High
CUST0588,42,147632,642,0.83,0.36,5,91,78.0,High
CUST0589,37,94148,730,0.84,0.42,7,68,89.2,High
CUST0590,27,98186,623,0.4,0.58,2,48,53.0,Medium
CUST0591,45,138629,719,0.64,0.74,4,25,80.8,High
CUST0592,24,85316,784,0.14,0.48,1,4,32.7,Low
CUST0593,56,43380,711,0.15,0.44,1,21,37.1,Medium
CUST0594,26,125198,383,0.1,0.9,6,78,89.4,High
CUST0595,51,17356,412,0.6,0.11,9,12,100.0,High
CUST0596,39,85326,631,0.45,0.82,9,27,100.0,High
CUST0597,64,107447,677,0.57,0.22,9,32,100.0,High
CUST0598,59,129994,340,0.54,0.73,5,22,94.3,High
CUST0599,47,35049,404,0.38,0.59,3,96,55.8,Medium
CUST0600,30,120361,501,0.69,0.37,4,17,81.2,High
CUST0601,46,31082,749,0.76,0.8,0,29,50.8,Medium
CUST0602,39,15661,565,0.06,0.11,6,25,68.3,High
CUST0603,59,17920,509,0.24,0.28,7,15,94.5,High
CUST0604,23,94561,417,0.72,0.55,8,76,100.0,High
CUST0605,33,23946,676,0.41,0.38,7,38,84.8,High
CUST0606,48,31309,839,0.67,0.59,4,32,73.7,High
CUST0607,40,70230,383,0.38,0.12,2,25,56.1,Medium
CUST0608,48,126822,753,0.42,0.19,9,47,98.6,High
CUST0609,28,127340,813,0.2,0.2,8,64,83.0,High
CUST0610,61,74321,686,0.29,0.25,5,37,69.0,High
CUST0611,59,147028,649,0.62,0.47,4,1,81.6,High
CUST0612,21,89131,595,0.46,0.7,2,5,62.7,Medium
CUST0613,23,40963,557,0.78,0.82,5,45,95.4,High
CUST0614,33,116757,380,0.85,0.77,2,49,79.4,High
CUST0615,48,114259,567,0.56,0.26,9,37,100.0,High
CUST0616,45,54063,718,0.76,0.45,5,87,70.1,High
CUST0617,53,129225,534,0.34,0.26,3,17,59.8,Medium
CUST0618,58,131400,610,0.44,0.31,1,26,44.4,Medium
CUST0619,26,95818,656,0.72,0.5,7,40,95.6,High
CUST0620,64,19703,512,0.41,0.15,3,71,56.4,Medium
CUST0621,52,87099,348,0.6,0.27,8,91,97.6,High
CUST0622,41,46585,426,0.22,0.85,6,73,84.0,High
CUST0623,36,58585,522,0.61,0.47,1,16,59.2,Medium
CUST0624,41,41958,578,0.86,0.46,3,61,68.4,High
CUST0625,31,41017,707,0.87,0.11,4,28,66.7,High
CUST0626,57,139677,804,0.73,0.3,2,57,49.1,Medium
CUST0627,56,44426,593,0.75,0.79,8,69,100.0,High
CUST0628,55,32778,576,0.57,0.23,4,77,58.2,Medium
CUST0629,39,57229,737,0.6,0.43,1,21,51.6,Medium
CUST0630,40,101652,406,0.18,0.11,2,5,50.7,Medium
CUST0631,38,143267,719,0.47,0.48,8,25,100.0,High
CUST0632,61,141503,728,0.47,0.12,6,38,75.3,High
CUST0633,34,99878,674,0.95,0.76,1,11,66.7,High
CUST0634,35,72056,372,0.46,0.76,8,98,100.0,High
CUST0635,51,34975,329,0.57,0.73,3,13,79.4,High
CUST0636,21,103397,487,0.55,0.33,8,21,100.0,High
CUST0637,23,48142,663,0.65,0.77,1,50,55.8,Medium
CUST0638,36,41916,750,0.75,0.53,9,22,100.0,High
CUST0639,43,79324,494,0.26,0.4,3,47,58.2,Medium
CUST0640,31,140932,455,0.55,0.6,4,70,77.2,High
CUST0641,32,111059,471,0.83,0.11,1,49,46.5,Medium
CUST0642,30,113317,340,0.49,0.21,9,88,100.0,High
CUST0643,52,50046,362,0.31,0.69,0,12,47.5,Medium
CUST0644,36,116459,322,0.67,0.3,6,84,89.9,High
CUST0645,28,60893,659,0.82,0.58,9,9,100.0,High
CUST0646,58,116520,374,0.11,0.41,0,54,31.4,Low
CUST0647,32,140818,417,0.78,0.78,7,8,100.0,High
CUST0648,44,76272,679,0.82,0.86,2,78,63.1,Medium
CUST0649,48,82649,589,0.48,0.81,9,51,100.0,High
CUST0650,28,79674,739,0.97,0.32,5,1,87.8,High
CUST0651,48,101475,306,0.79,0.26,6,24,100.0,High
CUST0652,56,76367,495,0.78,0.48,9,12,100.0,High
CUST0653,46,136750,720,0.75,0.11,0,97,28.9,Low
CUST0654,28,133154,492,0.19,0.12,5,50,66.0,High
CUST0655,48,59738,447,0.25,0.54,6,57,82.7,High
CUST0656,48,48397,501,0.49,0.52,5,33,81.5,High
CUST0657,57,97189,743,0.3,0.9,3,34,58.9,Medium
CUST0658,61,91367,718,0.44,0.26,0,2,30.9,Low
CUST0659,56,135585,726,0.89,0.31,8,58,100.0,High
CUST0660,47,91619,778,0.82,0.19,3,69,52.7,Medium
CUST0661,37,126453,774,0.64,0.83,6,47,88.4,High
CUST0662,29,34816,425,0.86,0.72,6,63,100.0,High
CUST0663,53,94530,694,0.79,0.76,1,18,56.8,Medium
CUST0664,40,123856,624,0.45,0.82,0,66,36.0,Medium
CUST0665,33,86635,691,0.24,0.52,7,81,76.0,High
CUST0666,48,122803,739,0.53,0.46,7,72,86.8,High
CUST0667,49,50946,503,0.74,0.36,6,75,89.1,High
CUST0668,33,70204,785,0.46,0.57,7,4,93.9,High
CUST0669,55,30563,330,0.68,0.46,2,66,63.3,Medium
CUST0670,26,107324,687,0.14,0.46,1,10,42.0,Medium
CUST0671,38,24847,733,0.75,0.85,6,93,91.5,High
CUST0672,25,41155,675,0.81,0.89,7,67,100.0,High
CUST0673,45,94671,643,0.71,0.74,0,68,46.8,Medium
CUST0674,22,131891,742,0.96,0.71,9,0,100.0,High
CUST0675,30,98310,374,0.83,0.64,8,90,100.0,High
CUST0676,50,146691,454,0.9,0.23,3,91,60.3,Medium
CUST0677,25,49707,729,0.93,0.15,3,62,55.1,Medium
CUST0678,53,96537,662,0.8,0.65,2,28,67.1,High
CUST0679,21,106155,747,0.68,0.68,5,81,79.6,High
CUST0680,38,15281,533,0.06,0.14,0,11,27.2,Low
CUST0681,52,147130,561,0.49,0.84,5,76,76.9,High
CUST0682,31,91260,424,0.59,0.17,1,40,48.3,Medium
CUST0683,41,79178,544,0.34,0.33,8,1,100.0,High
CUST0684,46,48997,841,0.35,0.64,1,36,40.4,Medium
CUST0685,45,134273,784,0.95,0.24,6,44,90.0,High
CUST0686,42,147311,421,0.89,0.14,0,79,44.1,Medium
CUST0687,47,141945,424,0.85,0.36,6,47,100.0,High
CUST0688,33,60272,848,0.43,0.71,4,23,71.3,High
CUST0689,53,104393,469,0.06,0.43,7,98,80.3,High
CUST0690,54,76212,423,0.13,0.62,3,21,61.7,Medium
CUST0691,61,135030,334,0.34,0.56,9,99,100.0,High
CUST0692,55,71503,386,0.06,0.12,6,10,79.5,High
CUST0693,21,21570,500,0.07,0.89,5,57,72.7,High
CUST0694,41,83785,668,0.91,0.13,4,45,75.7,High
CUST0695,26,24110,376,0.71,0.87,3,28,82.1,High
CUST0696,48,94141,358,0.34,0.54,6,34,95.5,High
CUST0697,37,27115,730,0.17,0.87,4,14,69.0,High
CUST0698,25,54062,799,0.53,0.19,4,59,55.0,Medium
CUST0699,51,37911,408,0.06,0.49,0,94,29.8,Low
CUST0700,25,119061,577,0.93,0.24,1,41,51.7,Medium
CUST0701,58,47556,367,0.44,0.14,4,42,67.9,High
CUST0702,23,143335,368,0.43,0.59,2,79,52.2,Medium
CUST0703,43,16969,464,0.42,0.27,1,73,41.2,Medium
CUST0704,57,58753,788,0.12,0.57,3,48,45.9,Medium
CUST0705,57,136863,604,0.65,0.19,3,63,57.8,Medium
CUST0706,30,25225,664,0.74,0.37,3,31,66.7,High
CUST0707,30,138008,678,0.69,0.73,3,63,68.8,High
CUST0708,39,120823,642,0.18,0.45,2,1,53.0,Medium
CUST0709,37,28669,653,0.59,0.6,6,23,92.4,High
CUST0710,41,139398,715,0.59,0.62,8,86,95.6,High
CUST0711,34,125677,408,0.87,0.78,4,65,91.2,High
CUST0712,29,63320,796,0.41,0.36,3,37,50.6,Medium
CUST0713,21,140354,640,0.4,0.65,1,30,47.9,Medium
CUST0714,33,103009,682,0.63,0.87,1,25,56.5,Medium
CUST0715,24,43625,832,0.65,0.68,4,28,76.7,High
CUST0716,21,39089,599,0.49,0.49,6,66,82.0,High
CUST0717,60,51487,438,0.47,0.6,9,77,100.0,High
CUST0718,52,125448,658,0.51,0.69,9,24,100.0,High
CUST0719,54,65138,798,0.86,0.59,8,47,100.0,High
CUST0720,48,69061,684,0.48,0.11,6,64,68.7,High
CUST0721,51,116376,579,0.93,0.26,4,52,75.9,High
CUST0722,28,94134,782,0.52,0.75,9,66,100.0,High
CUST0723,59,62055,410,0.94,0.32,9,89,100.0,High
CUST0724,46,34508,438,0.83,0.69,9,17,100.0,High
CUST0725,54,125169,734,0.39,0.4,5,8,73.7,High
CUST0726,23,23125,808,0.86,0.52,2,37,55.9,Medium
CUST0727,32,51059,572,0.15,0.15,4,86,52.9,Medium
CUST0728,21,118409,398,0.92,0.24,7,20,100.0,High
CUST0729,64,20704,403,0.64,0.87,0,64,49.5,Medium
CUST0730,25,126279,513,0.1,0.81,0,20,37.8,Medium
CUST0731,50,133516,464,0.66,0.62,6,26,100.0,High
CUST0732,50,129044,819,0.97,0.47,4,69,69.4,High
CUST0733,37,44165,583,0.12,0.64,4,43,62.4,Medium
CUST0734,43,82203,816,0.57,0.59,0,99,23.7,Low
CUST0735,35,19114,463,0.75,0.55,8,27,100.0,High
CUST0736,57,51321,363,0.81,0.15,0,44,45.5,Medium
CUST0737,41,88297,390,0.44,0.61,4,16,83.9,High
CUST0738,34,111652,416,0.24,0.72,9,39,100.0,High
CUST0739,22,114304,566,0.09,0.9,8,2,100.0,High
CUST0740,31,32772,439,0.59,0.11,3,75,54.9,Medium
CUST0741,59,118754,545,0.48,0.68,7,75,94.3,High
CUST0742,58,18712,694,0.94,0.56,5,65,81.4,High
CUST0743,54,147439,786,0.11,0.45,2,45,37.8,Medium
CUST0744,58,130142,775,0.69,0.2,3,85,51.8,Medium
CUST0745,54,106736,816,0.07,0.43,1,86,16.8,Low
CUST0746,38,66924,483,0.21,0.38,0,29,29.6,Low
CUST0747,50,18726,319,0.48,0.34,7,68,91.3,High
CUST0748,35,104152,823,0.48,0.68,0,8,40.6,Medium
CUST0749,47,42723,828,0.69,0.66,0,84,37.1,Medium
CUST0750,54,141969,446,0.91,0.57,3,10,78.8,High
CUST0751,58,115494,603,0.65,0.85,9,68,100.0,High
CUST0752,53,50643,527,0.95,0.38,9,98,100.0,High
CUST0753,44,118896,401,0.88,0.3,5,90,86.4,High
CUST0754,35,108680,716,0.6,0.62,8,65,100.0,High
CUST0755,50,111546,515,0.83,0.26,0,87,39.5,Medium
CUST0756,62,94973,706,0.65,0.35,6,30,86.2,High
CUST0757,37,78449,698,0.12,0.28,9,32,95.1,High
CUST0758,25,124834,798,0.75,0.16,4,38,68.2,High
CUST0759,49,40537,764,0.14,0.76,7,93,80.9,High
CUST0760,24,92576,381,0.61,0.3,6,45,91.4,High
CUST0761,30,122522,664,0.71,0.48,3,36,62.6,Medium
CUST0762,37,37612,462,0.11,0.13,3,91,38.5,Medium
CUST0763,30,21471,347,0.27,0.66,5,59,84.2,High
CUST0764,37,46348,810,0.91,0.36,5,30,81.9,High
CUST0765,40,16177,628,0.63,0.7,8,10,100.0,High
CUST0766,44,47779,415,0.28,0.43,4,86,64.6,Medium
CUST0767,25,36636,636,0.7,0.26,7,1,100.0,High
CUST0768,54,96889,446,0.61,0.51,4,26,82.0,High
CUST0769,26,68551,622,0.52,0.2,1,98,34.8,Low
CUST0770,22,61819,742,0.97,0.45,5,1,94.0,High
CUST0771,33,88770,312,0.69,0.35,8,20,100.0,High
CUST0772,63,93714,793,0.4,0.83,2,57,48.5,Medium
CUST0773,63,39596,586,0.8,0.15,0,4,48.3,Medium
CUST0774,31,79106,413,0.88,0.66,0,51,54.4,Medium
CUST0775,43,74182,779,0.17,0.25,2,44,39.8,Medium
CUST0776,36,102163,321,0.24,0.36,9,84,99.2,High
CUST0777,51,54310,648,0.25,0.43,4,92,49.7,Medium
CUST0778,31,71088,619,0.7,0.83,2,19,73.5,High
CUST0779,36,143803,425,0.62,0.29,8,60,100.0,High
CUST0780,28,51914,576,0.63,0.17,7,37,91.6,High
CUST0781,24,125350,503,0.93,0.35,2,19,71.4,High
CUST0782,60,60379,493,0.78,0.18,8,24,100.0,High
CUST0783,24,61413,846,0.17,0.2,5,1,63.5,Medium
CUST0784,45,22151,585,0.38,0.56,6,31,83.0,High
CUST0785,23,72716,356,0.46,0.15,3,25,67.7,High
CUST0786,52,108747,602,0.42,0.12,3,69,52.7,Medium
CUST0787,23,136999,462,0.68,0.67,1,40,55.8,Medium
CUST0788,47,129793,318,0.89,0.39,4,66,86.6,High
CUST0789,49,123177,669,0.34,0.2,7,96,78.3,High
CUST0790,52,27289,563,0.57,0.3,6,0,92.4,High
CUST0791,39,101365,412,0.79,0.61,6,50,100.0,High
CUST0792,41,129014,787,0.44,0.32,5,4,72.5,High
CUST0793,25,87588,626,0.21,0.5,2,12,49.0,Medium
CUST0794,38,78646,841,0.5,0.2,4,18,63.3,Medium
CUST0795,48,18654,364,0.1,0.57,0,11,45.4,Medium
CUST0796,62,33743,591,0.94,0.35,6,47,95.8,High
CUST0797,42,63368,324,0.12,0.6,8,24,100.0,High
CUST0798,41,134735,848,0.46,0.75,0,56,29.7,Low
CUST0799,26,134891,300,0.55,0.59,1,34,55.5,Medium
CUST0800,21,122971,848,0.98,0.34,2,75,50.6,Medium
CUST0801,25,27149,440,0.21,0.3,2,93,36.1,Medium
CUST0802,61,115102,487,0.16,0.36,7,4,93.2,High
CUST0803,32,74189,427,0.06,0.23,6,97,66.1,High
CUST0804,46,86031,500,0.2,0.24,5,21,74.7,High
CUST0805,54,57668,426,0.24,0.73,9,76,100.0,High
CUST0806,34,103204,556,0.64,0.41,9,56,100.0,High
CUST0807,46,52384,846,0.26,0.45,3,46,48.1,Medium
CUST0808,47,96929,493,0.07,0.58,8,53,90.2,High
CUST0809,29,142959,403,0.83,0.57,0,2,56.0,Medium
CUST0810,46,91153,834,0.39,0.15,1,52,26.3,Low
CUST0811,42,90388,564,0.38,0.77,3,83,63.9,Medium
CUST0812,50,46401,683,0.33,0.24,2,30,41.0,Medium
CUST0813,63,134503,559,0.97,0.68,0,68,53.5,Medium
CUST0814,37,142834,713,0.21,0.72,4,87,62.4,Medium
CUST0815,46,49084,657,0.89,0.67,6,32,100.0,High
CUST0816,56,125641,374,0.78,0.56,1,71,54.8,Medium
CUST0817,21,120111,654,0.12,0.11,4,87,49.1,Medium
CUST0818,28,51041,487,0.98,0.39,5,49,86.8,High
CUST0819,55,103920,589,0.31,0.58,6,83,77.4,High
CUST0820,35,80681,344,0.14,0.41,0,15,43.5,Medium
CUST0821,42,96571,382,0.83,0.79,6,75,100.0,High
CUST0822,34,142556,422,0.71,0.35,3,76,64.3,Medium
CUST0823,46,41160,657,0.63,0.33,7,38,91.4,High
CUST0824,48,32633,827,0.2,0.31,3,88,36.4,Medium
CUST0825,43,32014,365,0.5,0.37,5,45,82.8,High
CUST0826,34,95532,674,0.78,0.55,8,95,98.7,High
CUST0827,44,64104,461,0.34,0.67,4,87,72.2,High
CUST0828,22,92231,679,0.34,0.63,3,46,62.7,Medium
CUST0829,46,83388,657,0.05,0.75,7,43,90.3,High
CUST0830,34,31014,487,0.21,0.81,8,8,100.0,High
CUST0831,27,107578,621,0.87,0.75,3,86,71.6,High
CUST0832,23,55390,749,0.47,0.12,2,49,44.9,Medium
CUST0833,43,38711,773,0.98,0.69,7,76,100.0,High
CUST0834,63,106658,312,0.42,0.27,4,59,69.3,High
CUST0835,38,72993,483,0.72,0.21,1,95,38.1,Medium
CUST0836,58,22421,410,0.32,0.61,9,14,100.0,High
CUST0837,55,32727,807,0.39,0.36,8,35,92.8,High
CUST0838,35,127418,589,0.23,0.15,2,62,39.7,Medium
CUST0839,45,19358,594,0.38,0.21,1,68,37.7,Medium
CUST0840,57,80108,750,0.56,0.1,0,85,19.2,Low
CUST0841,48,109018,514,0.98,0.82,7,79,100.0,High
CUST0842,30,139457,326,0.67,0.12,2,40,58.7,Medium
CUST0843,59,46910,530,0.24,0.27,6,73,71.6,High
CUST0844,37,141888,620,0.09,0.43,0,23,25.6,Low
CUST0845,59,70754,532,0.17,0.39,0,81,26.2,Low
CUST0846,42,124847,736,0.58,0.83,8,48,100.0,High
CUST0847,46,53467,832,0.77,0.13,7,17,93.1,High
CUST0848,64,48893,702,0.93,0.51,2,6,66.5,High
CUST0849,45,91329,352,0.06,0.64,5,3,82.0,High
CUST0850,37,46007,612,0.54,0.85,2,89,55.0,Medium
CUST0851,33,69253,580,0.49,0.6,3,68,64.9,Medium
CUST0852,40,27323,330,0.67,0.74,0,59,48.7,Medium
CUST0853,45,126335,636,0.58,0.17,4,54,66.3,High
CUST0854,24,127356,482,0.7,0.41,0,15,48.2,Medium
CUST0855,30,125944,322,0.67,0.4,0,98,44.4,Medium
CUST0856,23,31456,843,0.16,0.81,9,89,97.1,High
CUST0857,61,46367,745,0.8,0.22,6,81,76.9,High
CUST0858,38,69624,373,0.17,0.22,5,28,75.7,High
CUST0859,56,83008,309,0.71,0.36,1,22,57.5,Medium
CUST0860,42,140926,783,0.44,0.14,1,13,40.8,Medium
CUST0861,54,130395,755,0.53,0.25,6,78,71.4,High
CUST0862,28,131492,459,0.9,0.87,0,48,59.0,Medium
CUST0863,60,87240,313,0.89,0.44,1,32,67.4,High
CUST0864,64,79315,477,0.82,0.61,7,24,100.0,High
CUST0865,39,25756,711,0.53,0.68,5,20,80.4,High
CUST0866,62,51378,352,0.74,0.39,1,16,63.5,Medium
CUST0867,61,140703,707,0.53,0.22,6,22,80.6,High
CUST0868,57,71549,321,0.87,0.27,3,56,72.3,High
CUST0869,26,88794,329,0.43,0.35,1,80,46.3,Medium
CUST0870,46,60113,559,0.96,0.61,5,57,90.3,High
CUST0871,54,89069,504,0.93,0.42,8,13,100.0,High
CUST0872,26,140541,358,0.75,0.11,8,92,100.0,High
CUST0873,57,24686,770,0.31,0.52,7,19,84.7,High
CUST0874,53,68363,765,0.17,0.84,2,29,52.0,Medium
CUST0875,42,112543,311,0.85,0.75,2,18,78.2,High
CUST0876,41,146733,589,0.21,0.76,1,52,38.6,Medium
CUST0877,26,110673,653,0.85,0.74,4,55,77.4,High
CUST0878,26,57828,374,0.51,0.36,3,76,62.9,Medium
CUST0879,24,63604,740,0.43,0.71,6,81,81.2,High
CUST0880,50,25526,540,0.9,0.21,3,22,66.9,High
CUST0881,31,83910,453,0.62,0.63,8,61,100.0,High
CUST0882,50,40592,395,0.59,0.61,1,32,62.8,Medium
CUST0883,51,43982,593,0.58,0.12,5,17,72.8,High
CUST0884,44,15207,508,0.4,0.73,6,72,91.0,High
CUST0885,29,103733,642,0.79,0.82,3,32,73.9,High
CUST0886,23,139982,387,0.29,0.31,5,31,80.1,High
CUST0887,51,83619,689,0.93,0.75,6,60,95.2,High
CUST0888,60,61479,624,0.89,0.17,3,53,67.1,High
CUST0889,57,96437,456,0.37,0.58,7,16,100.0,High
CUST0890,56,113540,436,0.74,0.49,8,18,100.0,High
CUST0891,44,87982,727,0.59,0.54,0,90,26.5,Low
CUST0892,51,117747,751,0.37,0.84,6,69,84.0,High
CUST0893,26,63231,440,0.98,0.8,8,98,100.0,High
CUST0894,22,44301,382,0.07,0.73,9,33,100.0,High
CUST0895,40,33752,476,0.29,0.32,4,83,54.5,Medium
CUST0896,48,113452,497,0.54,0.83,1,24,63.2,Medium
CUST0897,31,136237,720,0.54,0.18,9,67,95.5,High
CUST0898,24,71273,700,0.6,0.78,5,73,80.5,High
CUST0899,35,106878,770,0.76,0.36,6,73,80.2,High
CUST0900,26,19895,517,0.64,0.14,1,87,42.4,Medium
CUST0901,50,134968,474,0.61,0.64,1,84,53.9,Medium
CUST0902,58,130700,322,0.1,0.29,9,10,100.0,High
CUST0903,22,91559,534,0.4,0.29,9,90,95.3,High
CUST0904,35,25699,312,0.27,0.34,0,15,46.1,Medium
CUST0905,31,24715,400,0.3,0.15,3,89,47.3,Medium
CUST0906,28,34169,835,0.57,0.24,6,60,74.4,High
CUST0907,46,133413,822,0.24,0.1,8,93,73.9,High
CUST0908,64,134264,751,0.33,0.46,2,79,34.7,Low
CUST0909,25,20782,730,0.27,0.17,6,6,80.2,High
CUST0910,26,139481,832,0.94,0.65,6,15,93.6,High
CUST0911,46,50585,592,0.94,0.29,6,98,87.2,High
CUST0912,24,45682,400,0.62,0.85,1,15,69.6,High
CUST0913,39,144992,801,0.92,0.8,5,39,92.6,High
CUST0914,40,99416,603,0.79,0.33,1,11,51.5,Medium
CUST0915,53,142810,839,0.6,0.73,5,34,79.3,High
CUST0916,40,53067,654,0.06,0.74,9,20,100.0,High
CUST0917,32,33073,602,0.78,0.89,2,49,66.4,High
CUST0918,21,51035,795,0.71,0.58,1,42,47.4,Medium
CUST0919,46,105373,526,0.63,0.17,5,99,66.7,High
CUST0920,34,98362,535,0.76,0.62,1,16,61.1,Medium
CUST0921,58,105517,754,0.53,0.6,4,31,74.4,High
CUST0922,57,80450,312,0.71,0.61,1,40,62.6,Medium
CUST0923,31,25382,509,0.93,0.35,2,5,71.3,High
CUST0924,56,76929,696,0.4,0.79,2,87,47.4,Medium
CUST0925,33,113864,399,0.72,0.87,5,26,99.6,High
CUST0926,63,40169,330,0.5,0.27,5,19,80.8,High
CUST0927,23,102468,827,0.68,0.17,9,24,100.0,High
CUST0928,53,49594,628,0.77,0.26,2,65,51.7,Medium
CUST0929,26,60033,465,0.09,0.76,2,8,60.1,Medium
CUST0930,30,78133,758,0.66,0.64,0,91,32.9,Low
CUST0931,25,88861,399,0.26,0.61,6,52,85.8,High
CUST0932,43,46750,472,0.68,0.42,7,60,97.6,High
CUST0933,30,55461,461,0.49,0.56,1,37,50.0,Medium
CUST0934,64,93222,562,0.78,0.35,3,2,78.1,High
CUST0935,22,127020,573,0.17,0.48,9,83,96.9,High
CUST0936,33,39226,302,0.64,0.73,6,69,94.8,High
CUST0937,60,21721,327,0.31,0.88,7,96,92.8,High
CUST0938,22,35609,625,0.85,0.85,0,54,56.6,Medium
CUST0939,40,145513,448,0.92,0.85,3,0,88.3,High
CUST0940,21,119211,839,0.99,0.42,5,69,81.2,High
CUST0941,57,139865,787,0.8,0.48,2,44,51.5,Medium
CUST0942,29,89520,737,0.76,0.66,4,97,72.3,High
CUST0943,37,79309,364,0.25,0.84,9,46,100.0,High
CUST0944,29,44984,655,0.37,0.21,8,78,87.3,High
CUST0945,31,133947,832,0.49,0.34,2,25,41.9,Medium
CUST0946,35,20901,551,0.78,0.21,4,13,75.3,High
CUST0947,44,46055,534,0.91,0.59,7,53,100.0,High
CUST0948,58,129099,526,0.23,0.35,5,70,66.6,High
CUST0949,55,26138,824,0.92,0.36,3,45,61.2,Medium
CUST0950,50,38429,612,0.7,0.16,7,30,89.7,High
CUST0951,51,65200,348,0.62,0.38,2,87,57.0,Medium
CUST0952,25,116268,417,0.24,0.79,2,58,57.3,Medium
CUST0953,64,32347,353,0.1,0.29,3,94,45.9,Medium
CUST0954,34,46822,343,0.58,0.66,8,28,100.0,High
CUST0955,31,55108,352,0.66,0.6,4,95,81.1,High
CUST0956,29,143955,824,0.25,0.79,7,16,91.2,High
CUST0957,54,22967,401,0.57,0.21,5,13,87.5,High
CUST0958,32,125719,697,0.86,0.88,2,35,69.0,High
CUST0959,55,26871,437,0.83,0.57,7,57,100.0,High
CUST0960,55,43179,686,0.92,0.9,8,23,100.0,High
CUST0961,21,70099,410,0.39,0.83,7,62,99.5,High
CUST0962,60,50262,316,0.35,0.28,3,90,59.3,Medium
CUST0963,42,93213,481,0.75,0.14,5,24,85.6,High
CUST0964,49,132407,835,0.46,0.3,0,58,22.0,Low
CUST0965,28,101269,840,0.13,0.52,3,31,53.0,Medium
CUST0966,31,75545,470,0.32,0.24,7,81,81.3,High
CUST0967,61,54922,708,0.44,0.23,0,17,37.3,Medium
CUST0968,57,57913,677,0.32,0.47,2,36,53.2,Medium
CUST0969,34,112033,487,0.36,0.13,0,25,30.7,Low
CUST0970,50,119792,529,0.33,0.2,8,8,97.8,High
CUST0971,55,134863,418,0.09,0.43,1,98,32.0,Low
CUST0972,41,59936,455,0.65,0.15,8,63,100.0,High
CUST0973,57,43141,764,0.61,0.42,3,71,54.9,Medium
CUST0974,25,112359,403,0.66,0.48,1,19,64.4,Medium
CUST0975,39,138279,801,0.23,0.46,3,53,49.7,Medium
CUST0976,34,56568,474,0.33,0.8,9,85,100.0,High
CUST0977,46,112539,720,0.63,0.52,5,82,68.8,High
CUST0978,24,61851,433,0.61,0.47,6,29,97.7,High
CUST0979,45,69823,690,0.53,0.43,2,52,46.4,Medium
CUST0980,62,38312,800,0.38,0.75,2,91,46.2,Medium
CUST0981,45,113723,332,0.91,0.82,9,98,100.0,High
CUST0982,38,27411,354,0.37,0.78,7,62,99.7,High
CUST0983,60,72009,818,0.48,0.64,4,10,66.4,High
CUST0984,28,47371,311,0.69,0.21,3,30,74.1,High
CUST0985,59,72022,827,0.56,0.32,6,48,73.0,High
CUST0986,60,86229,672,0.38,0.14,6,99,68.5,High
CUST0987,34,114071,783,0.46,0.84,8,93,95.3,High
CUST0988,52,111774,527,0.8,0.63,8,86,100.0,High
CUST0989,58,41715,606,0.31,0.7,4,18,74.2,High
CUST0990,53,42605,756,0.18,0.35,7,11,79.5,High
CUST0991,43,114853,459,0.34,0.78,9,14,100.0,High
CUST0992,35,46174,630,0.85,0.31,0,30,40.2,Medium
CUST0993,53,91373,524,0.13,0.1,8,42,87.5,High
CUST0994,45,84252,803,0.98,0.4,7,36,96.2,High
CUST0995,37,85017,755,0.56,0.56,5,78,73.9,High
CUST0996,53,78037,344,0.98,0.48,2,28,80.2,High
CUST0997,22,104818,513,0.93,0.79,2,25,77.0,High
CUST0998,34,21548,358,0.48,0.18,7,1,100.0,High
CUST0999,60,131981,494,0.24,0.54,4,83,64.7,Medium
CUST1000,60,39022,788,0.2,0.51,9,14,97.0,High
